segment,customers,avg_recency,avg_frequency,avg_monetary
High-Value,391,7.820971867007673,18.033248081841432,75292.80010230179
At-Risk,385,68.88311688311688,6.748051948051948,11966.134753246753
Low-Engagement,275,33.33090909090909,12.396363636363636,40864.12472727273
Repeat,149,9.053691275167786,9.677852348993289,19420.31812080537
